Mon 03 Oct 2016 at 22:22:07;Jansen;J.P.P;55-54-44;ewffefew
Mon 03 Oct 2016 at 22:22:26;rferfere;regrgerge;grereggre;regregreg
Mon 03 Oct 2016 at 22:25:40;dfsdsdsf;grfgrfrgf;rergeregfrge;rgereggre
Mon 03 Oct 2016 at 22:28:55;rrr;rrr;rr;rrr
Mon 03 Oct 2016 at 22:29:17;rrr;rrr;rrr;rrr
Mon 03 Oct 2016 at 22:29:24;rrr;rrr;rrr;rrr
Mon 03 Oct 2016 at 22:29:52;rrr;rrr;rrr;rrr
Mon 03 Oct 2016 at 22:29:59;rrr;einde;einde;einde
Mon 03 Oct 2016 at 22:32:46;rfwerfe;rerferfe;refrferfe;frerferfe
Mon 03 Oct 2016 at 22:32:54;rferfe;frrferfe;refrferfe;rferfefre
Mon 03 Oct 2016 at 22:32:59;rferferfe;rfefrerfe;test;e
Mon 03 Oct 2016 at 22:33:21;e;e;ee;ee
Mon 03 Oct 2016 at 22:33:24;e;e;e;ee
Mon 03 Oct 2016 at 22:33:25;edjrefbfre;rferfefre;rferferfe;reffrefre

